,month,temp,RH,wind,rain,FFMC,DMC,DC,ISI,Classes
0,6,29.0,57,18.0,0.0,65.7,3.4,7.6,1.3,0
1,6,29.0,61,13.0,1.3,64.4,4.1,7.6,1.0,0
2,6,26.0,82,22.0,13.1,47.1,2.5,7.1,0.3,0
3,6,25.0,89,13.0,2.5,28.6,1.3,6.9,0.0,0
4,6,27.0,77,16.0,0.0,64.8,3.0,14.2,1.2,0
5,6,31.0,67,14.0,0.0,82.6,5.8,22.2,3.1,1
6,6,33.0,54,13.0,0.0,88.2,9.9,30.5,6.4,1
7,6,30.0,73,15.0,0.0,86.6,12.1,38.3,5.6,1
8,6,25.0,88,13.0,0.2,52.9,7.9,38.8,0.4,0
9,6,28.0,79,12.0,0.0,73.2,9.5,46.3,1.3,0
11,6,26.0,81,19.0,0.0,84.0,13.8,61.4,4.8,1
12,6,27.0,84,21.0,1.2,50.0,6.7,17.0,0.5,0
13,6,30.0,78,20.0,0.5,59.0,4.6,7.8,1.0,0
14,6,28.0,80,17.0,3.1,49.4,3.0,7.4,0.4,0
15,6,29.0,89,13.0,0.7,36.1,1.7,7.6,0.0,0
16,6,30.0,89,16.0,0.6,37.3,1.1,7.8,0.0,0
17,6,31.0,78,14.0,0.3,56.9,1.9,8.0,0.7,0
18,6,31.0,55,16.0,0.1,79.9,4.5,16.0,2.5,0
19,6,30.0,80,16.0,0.4,59.8,3.4,27.1,0.9,0
20,6,30.0,78,14.0,0.0,81.0,6.3,31.6,2.6,1
21,6,31.0,67,17.0,0.1,79.1,7.0,39.5,2.4,0
22,6,32.0,62,18.0,0.1,81.4,8.2,47.7,3.3,1
23,6,32.0,66,17.0,0.0,85.9,11.2,55.8,5.6,1
24,6,31.0,64,15.0,0.0,86.7,14.2,63.8,5.7,1
25,6,31.0,64,18.0,0.0,86.8,17.8,71.8,6.7,1
26,6,34.0,53,18.0,0.0,89.0,21.6,80.3,9.2,1
27,6,32.0,55,14.0,0.0,89.1,25.5,88.5,7.6,1
28,6,32.0,47,13.0,0.3,79.9,18.4,84.4,2.2,0
29,6,33.0,50,14.0,0.0,88.7,22.9,92.8,7.2,1
30,7,29.0,68,19.0,1.0,59.9,2.5,8.6,1.1,0
31,7,27.0,75,19.0,1.2,55.7,2.4,8.3,0.8,0
32,7,32.0,76,20.0,0.7,63.1,2.6,9.2,1.3,0
33,7,33.0,78,17.0,0.0,80.1,4.6,18.5,2.7,0
34,7,33.0,66,14.0,0.0,85.9,7.6,27.9,4.8,1
35,7,32.0,63,14.0,0.0,87.0,10.9,37.0,5.6,1
36,7,35.0,64,18.0,0.2,80.0,9.7,40.4,2.8,0
37,7,33.0,68,19.0,0.0,85.6,12.5,49.8,6.0,1
38,7,32.0,68,14.0,1.4,66.6,7.7,9.2,1.1,0
39,7,33.0,69,13.0,0.7,66.6,6.0,9.3,1.1,0
41,7,31.0,75,13.0,0.1,75.1,7.9,27.7,1.5,0
42,7,34.0,81,15.0,0.0,81.8,9.7,37.2,3.0,0
43,7,34.0,61,13.0,0.6,73.9,7.8,22.9,1.4,0
44,7,30.0,80,19.0,0.4,60.7,5.2,17.0,1.1,0
45,7,28.0,76,21.0,0.0,72.6,7.0,25.5,0.7,0
47,7,31.0,68,14.0,0.0,85.4,12.1,43.1,4.6,1
48,7,35.0,59,17.0,0.0,88.1,12.0,52.8,7.7,1
49,7,33.0,65,15.0,0.1,81.4,12.3,62.1,2.8,1
51,7,28.0,79,18.0,0.1,73.4,16.4,79.9,1.8,0
52,7,27.0,66,22.0,0.4,68.2,10.5,71.3,1.8,0
53,7,28.0,78,16.0,0.1,70.0,9.6,79.7,1.4,0
54,7,31.0,65,18.0,0.0,84.3,12.5,88.7,4.8,1
55,7,36.0,53,19.0,0.0,89.2,17.1,98.6,10.0,1
56,7,36.0,48,13.0,0.0,90.3,22.2,108.5,8.7,1
57,7,33.0,76,15.0,0.0,86.5,24.4,117.8,5.6,1
58,7,32.0,73,15.0,0.0,86.6,26.7,127.0,5.6,1
59,7,31.0,79,15.0,0.0,85.4,28.5,136.0,4.7,1
60,7,35.0,64,17.0,0.0,87.2,31.9,145.7,6.8,1
63,8,35.0,63,14.0,0.3,76.6,5.7,10.0,1.7,0
64,8,34.0,69,13.0,0.0,85.0,8.2,19.8,4.0,1
65,8,34.0,65,13.0,0.0,86.8,11.1,29.7,5.2,1
66,8,32.0,75,14.0,0.0,86.4,13.0,39.1,5.2,1
67,8,32.0,69,16.0,0.0,86.5,15.5,48.6,5.5,1
68,8,32.0,60,18.0,0.3,77.1,11.3,47.0,2.2,0
69,8,35.0,59,17.0,0.0,87.4,14.8,57.0,6.9,1
70,8,35.0,55,14.0,0.0,88.9,18.6,67.0,7.4,1
71,8,35.0,63,13.0,0.0,88.9,21.7,77.0,7.1,1
72,8,35.0,51,13.0,0.3,81.3,15.6,75.1,2.5,0
73,8,35.0,63,15.0,0.0,87.0,19.0,85.1,5.9,1
74,8,33.0,66,14.0,0.0,87.0,21.7,94.7,5.7,1
75,8,36.0,55,13.0,0.3,82.4,15.6,92.5,3.7,1
76,8,36.0,61,18.0,0.3,80.2,11.7,90.4,2.8,1
77,8,37.0,52,18.0,0.0,89.3,16.0,100.7,9.7,1
79,8,35.0,62,19.0,0.0,89.4,23.2,120.9,9.7,1
80,8,35.0,68,19.0,0.0,88.3,25.9,130.6,8.8,1
81,8,36.0,58,19.0,0.0,88.6,29.6,141.1,9.2,1
82,8,36.0,55,18.0,0.0,89.1,33.5,151.3,9.9,1
83,8,36.0,53,16.0,0.0,89.5,37.6,161.5,10.4,1
84,8,34.0,64,14.0,0.0,88.9,40.5,171.3,9.0,1
85,8,35.0,60,15.0,0.0,88.9,43.9,181.3,8.2,1
86,8,31.0,78,18.0,0.0,85.8,45.6,190.6,4.7,1
87,8,33.0,82,21.0,0.0,84.9,47.0,200.2,4.4,1
88,8,34.0,64,16.0,0.0,89.4,50.2,210.4,7.3,1
89,8,35.0,48,18.0,0.0,90.1,54.2,220.4,12.5,1
90,8,35.0,70,17.0,0.8,72.7,25.2,180.4,1.7,0
91,8,28.0,80,21.0,16.8,52.5,8.7,8.7,0.6,0
93,9,22.0,86,15.0,10.1,30.5,0.7,7.0,0.0,0
94,9,25.0,78,15.0,3.8,42.6,1.2,7.5,0.1,0
96,9,29.0,75,16.0,0.0,80.8,3.4,24.0,2.8,1
97,9,29.0,74,19.0,0.1,75.8,3.6,32.2,2.1,0
98,9,31.0,71,17.0,0.3,69.6,3.2,30.1,1.5,0
99,9,30.0,73,17.0,0.9,62.0,2.6,8.4,1.1,0
101,9,33.0,73,12.0,1.8,59.9,2.2,8.9,0.7,0
102,9,30.0,77,21.0,1.8,58.5,1.9,8.4,1.1,0
104,9,25.0,86,21.0,4.6,40.9,1.3,7.5,0.1,0
106,9,24.0,82,15.0,0.4,44.9,0.9,7.3,0.2,0
107,9,30.0,65,14.0,0.0,78.1,3.2,15.7,1.9,0
108,9,31.0,52,14.0,0.0,87.7,6.4,24.3,6.2,1
109,9,32.0,49,11.0,0.0,89.4,9.8,33.1,6.8,1
110,9,29.0,57,14.0,0.0,89.3,12.5,41.3,7.8,1
111,9,28.0,84,18.0,0.0,83.8,13.5,49.3,4.5,1
112,9,31.0,55,11.0,0.0,87.8,16.5,57.9,5.4,1
113,9,31.0,50,19.0,0.6,77.8,10.6,41.4,2.4,0
114,9,32.0,54,11.0,0.5,73.7,7.9,30.4,1.2,0
115,9,29.0,65,19.0,0.6,68.3,5.5,15.2,1.5,0
116,9,26.0,81,21.0,5.8,48.6,3.0,7.7,0.4,0
117,9,31.0,54,11.0,0.0,82.0,6.0,16.3,2.5,0
118,9,31.0,66,11.0,0.0,85.7,8.3,24.9,4.0,1
119,9,32.0,47,14.0,0.7,77.5,7.1,8.8,1.8,0
120,9,26.0,80,16.0,1.8,47.4,2.9,7.7,0.3,0
121,9,25.0,78,14.0,1.4,45.0,1.9,7.5,0.2,0
124,6,29.0,80,14.0,2.0,48.7,2.2,7.6,0.3,0
125,6,30.0,64,14.0,0.0,79.4,5.2,15.4,2.2,0
126,6,32.0,60,14.0,0.2,77.1,6.0,17.6,1.8,0
127,6,35.0,54,11.0,0.1,83.7,8.4,26.3,3.1,1
128,6,35.0,44,17.0,0.2,85.6,9.9,28.9,5.4,1
129,6,28.0,51,17.0,1.3,71.4,7.7,7.4,1.5,0
130,6,27.0,59,18.0,0.1,78.1,8.5,14.7,2.4,0
131,6,30.0,41,15.0,0.0,89.4,13.3,22.5,8.4,1
132,6,31.0,42,21.0,0.0,90.6,18.2,30.5,13.4,1
133,6,27.0,58,17.0,0.0,88.9,21.3,37.8,8.7,1
135,6,27.0,79,16.0,0.7,53.4,6.4,7.3,0.5,0
136,6,28.0,90,15.0,0.0,66.8,7.2,14.7,1.2,0
137,6,29.0,87,15.0,0.4,47.4,4.2,8.0,0.2,0
139,6,33.0,62,10.0,8.7,65.5,4.6,8.3,0.9,0
140,6,32.0,67,14.0,4.5,64.6,4.4,8.2,1.0,0
141,6,31.0,72,14.0,0.2,60.2,3.8,8.0,0.8,0
142,6,32.0,55,14.0,0.0,86.2,8.3,18.4,5.0,1
143,6,33.0,46,14.0,1.1,78.3,8.1,8.3,1.9,0
144,6,33.0,59,16.0,0.8,74.2,7.0,8.3,1.6,0
145,6,35.0,68,16.0,0.0,85.3,10.0,17.0,4.9,1
146,6,34.0,70,16.0,0.0,86.0,12.8,25.6,5.4,1
147,6,36.0,62,16.0,0.0,87.8,16.5,34.5,7.0,1
148,6,36.0,55,15.0,0.0,89.1,20.9,43.3,8.0,1
149,6,37.0,37,13.0,0.0,92.5,27.2,52.4,11.7,1
150,6,37.0,36,13.0,0.6,86.2,17.9,36.7,4.8,1
152,7,28.0,58,18.0,2.2,63.7,3.2,8.5,1.2,0
153,7,33.0,48,16.0,0.0,87.6,7.9,17.8,6.8,1
154,7,34.0,56,17.0,0.1,84.7,9.7,27.3,4.7,1
155,7,34.0,58,18.0,0.0,88.0,13.6,36.8,8.0,1
156,7,34.0,45,18.0,0.0,90.5,18.7,46.4,11.3,1
157,7,35.0,42,15.0,0.3,84.7,15.5,45.1,4.3,1
158,7,38.0,43,13.0,0.5,85.0,13.0,35.4,4.1,1
159,7,35.0,47,18.0,6.0,80.8,9.8,9.7,3.1,1
160,7,36.0,43,15.0,1.9,82.3,9.4,9.9,3.2,1
161,7,34.0,51,16.0,3.8,77.5,8.0,9.5,2.0,0
162,7,34.0,56,15.0,2.9,74.8,7.1,9.5,1.6,0
163,7,36.0,44,13.0,0.0,90.1,12.6,19.4,8.3,1
165,7,37.0,37,18.0,0.2,88.9,12.9,14.6,12.5,1
166,7,34.0,45,17.0,0.0,90.5,18.0,24.1,10.9,1
167,7,31.0,83,17.0,0.0,84.5,19.4,33.1,4.7,1
168,7,32.0,81,17.0,0.0,84.6,21.1,42.3,4.7,1
169,7,33.0,68,15.0,0.0,86.1,23.9,51.6,5.2,1
170,7,34.0,58,16.0,0.0,88.1,27.8,61.1,7.3,1
171,7,36.0,50,16.0,0.0,89.9,32.7,71.0,9.5,1
172,7,36.0,29,18.0,0.0,93.9,39.6,80.6,18.5,1
173,7,32.0,48,18.0,0.0,91.5,44.2,90.1,13.2,1
174,7,31.0,71,17.0,0.0,87.3,46.6,99.0,6.9,1
176,7,39.0,64,9.0,1.2,73.8,11.7,15.9,1.1,0
177,7,35.0,58,10.0,0.2,78.3,10.8,19.7,1.6,0
178,7,29.0,87,18.0,0.0,80.0,11.8,28.3,2.8,0
179,7,33.0,57,16.0,0.0,87.5,15.7,37.6,6.7,1
180,7,34.0,59,16.0,0.0,88.1,19.5,47.2,7.4,1
181,7,36.0,56,16.0,0.0,88.9,23.8,57.1,8.2,1
182,7,37.0,55,15.0,0.0,89.3,28.3,67.2,8.3,1
185,8,39.0,33,17.0,0.0,93.7,17.1,32.1,17.2,1
186,8,38.0,35,15.0,0.0,93.8,23.0,42.7,15.7,1
187,8,34.0,42,17.0,0.1,88.3,23.6,52.5,19.0,1
188,8,30.0,54,14.0,3.1,70.5,11.0,9.1,1.3,0
189,8,34.0,63,13.0,2.9,69.7,7.2,9.8,1.2,0
190,8,37.0,56,11.0,0.0,87.4,11.2,20.2,5.2,1
191,8,39.0,43,12.0,0.0,91.7,16.5,30.9,9.6,1
192,8,39.0,39,15.0,0.2,89.3,15.8,35.4,8.2,1
193,8,40.0,31,15.0,0.0,94.2,22.5,46.3,16.6,1
195,8,35.0,34,16.0,0.2,88.3,16.9,45.1,7.5,1
196,8,37.0,40,13.0,0.0,91.9,22.3,55.5,10.8,1
197,8,35.0,46,13.0,0.3,83.9,16.9,54.2,3.5,1
199,8,42.0,24,9.0,0.0,96.0,30.3,76.4,15.7,1
200,8,37.0,37,14.0,0.0,94.3,35.9,86.8,16.0,1
201,8,35.0,66,15.0,0.1,82.7,32.7,96.8,3.3,1
202,8,36.0,81,15.0,0.0,83.7,34.4,107.0,3.8,1
203,8,36.0,71,15.0,0.0,86.0,36.9,117.1,5.1,1
204,8,37.0,53,14.0,0.0,89.5,41.1,127.5,8.0,1
205,8,36.0,43,16.0,0.0,91.2,46.1,137.7,11.5,1
206,8,35.0,38,15.0,0.0,92.1,51.3,147.7,12.2,1
207,8,34.0,40,18.0,0.0,92.1,56.3,157.5,14.3,1
208,8,33.0,37,16.0,0.0,92.2,61.3,167.2,13.1,1
209,8,36.0,54,14.0,0.0,91.0,65.9,177.3,10.0,1
210,8,35.0,56,14.0,0.4,79.2,37.0,166.0,2.1,0
211,8,35.0,53,17.0,0.5,80.2,20.7,149.2,2.7,1
212,8,34.0,49,15.0,0.0,89.2,24.8,159.1,8.1,1
213,8,30.0,59,19.0,0.0,89.1,27.8,168.2,9.8,1
214,9,29.0,86,16.0,0.0,37.9,0.9,8.2,0.1,0
215,9,28.0,67,19.0,0.0,75.4,2.9,16.3,2.0,0
216,9,28.0,75,16.0,0.0,82.2,4.4,24.3,3.3,1
217,9,30.0,66,15.0,0.2,73.5,4.1,26.6,1.5,0
218,9,30.0,58,12.0,4.1,66.1,4.0,8.4,1.0,0
219,9,34.0,71,14.0,6.5,64.5,3.3,9.1,1.0,0
220,9,31.0,62,15.0,0.0,83.3,5.8,17.7,3.8,1
221,9,30.0,88,14.0,0.0,82.5,6.6,26.1,3.0,1
222,9,30.0,80,15.0,0.0,83.1,7.9,34.5,3.5,1
223,9,29.0,74,15.0,1.1,59.5,4.7,8.2,0.8,0
224,9,30.0,73,14.0,0.0,79.2,6.5,16.6,2.1,0
225,9,31.0,72,14.0,0.0,84.2,8.3,25.2,3.8,1
226,9,29.0,49,19.0,0.0,88.6,11.5,33.4,9.1,1
227,9,28.0,81,15.0,0.0,84.6,12.6,41.5,4.3,1
228,9,32.0,51,13.0,0.0,88.7,16.0,50.2,6.9,1
229,9,33.0,26,13.0,0.0,93.9,21.2,59.2,14.2,1
230,9,34.0,44,12.0,0.0,92.5,25.2,63.3,11.2,1
231,9,36.0,33,13.0,0.1,90.6,25.8,77.8,9.0,1
232,9,29.0,41,8.0,0.1,83.9,24.9,86.0,2.7,1
233,9,34.0,58,13.0,0.2,79.5,18.7,88.0,2.1,0
235,9,33.0,64,13.0,0.0,88.9,26.1,106.3,7.1,1
236,9,35.0,56,14.0,0.0,89.0,29.4,115.6,7.5,1
237,9,26.0,49,6.0,2.0,61.3,11.9,28.1,0.6,0
238,9,28.0,70,15.0,0.0,79.9,13.8,36.1,2.4,0
239,9,30.0,65,14.0,0.0,85.4,16.0,44.5,4.5,1
240,9,28.0,87,15.0,4.4,41.1,6.5,8.0,0.1,0
241,9,27.0,87,29.0,0.5,45.9,3.5,7.9,0.4,0
242,9,24.0,54,18.0,0.1,79.7,4.3,15.2,1.7,0
243,9,24.0,64,15.0,0.2,67.3,3.8,16.5,1.2,0
244,3,8.2,51,6.7,0.0,86.2,26.2,94.3,5.1,0
245,10,18.0,33,0.9,0.0,90.6,35.4,669.1,6.7,0
246,10,14.6,33,1.3,0.0,90.6,43.7,686.9,6.7,0
247,3,8.3,97,4.0,0.2,91.7,33.3,77.5,9.0,0
248,3,11.4,99,1.8,0.0,89.3,51.3,102.2,9.6,0
249,8,22.2,29,5.4,0.0,92.3,85.3,488.0,14.7,0
250,8,24.1,27,3.1,0.0,92.3,88.9,495.6,8.5,0
251,8,8.0,86,2.2,0.0,91.5,145.4,608.2,10.7,0
252,9,13.1,63,5.4,0.0,91.0,129.5,692.6,7.0,0
253,9,22.8,40,4.0,0.0,92.5,88.0,698.6,7.1,0
254,9,17.8,51,7.2,0.0,92.5,88.0,698.6,7.1,0
255,9,19.3,38,4.0,0.0,92.8,73.2,713.0,22.6,0
256,8,17.0,72,6.7,0.0,63.5,70.8,665.3,0.8,0
258,9,26.4,21,4.5,0.0,92.9,133.3,699.6,9.2,0
259,9,22.9,44,5.4,0.0,93.3,141.2,713.9,13.9,0
260,3,15.1,27,5.4,0.0,91.7,35.8,80.8,7.8,0
262,3,15.9,35,4.0,0.0,89.2,27.9,70.8,6.3,0
263,4,9.3,44,4.5,0.0,86.3,27.4,97.1,5.1,0
264,9,18.3,40,2.7,0.0,91.0,129.5,692.6,7.0,0
265,9,19.1,38,2.7,0.0,91.8,78.5,724.3,9.2,0
266,6,21.0,44,4.5,0.0,94.3,96.3,200.0,56.1,0
267,8,19.5,43,5.8,0.0,90.2,110.9,537.4,6.2,0
268,8,23.7,32,5.8,0.0,93.5,139.4,594.2,20.3,0
269,8,16.3,60,5.4,0.0,91.4,142.4,601.4,10.6,0
270,9,19.0,34,5.8,0.0,92.4,117.9,668.0,12.2,0
271,9,19.4,48,1.3,0.0,90.9,126.5,686.5,7.0,0
272,9,30.2,24,2.7,0.0,93.4,145.4,721.4,8.1,0
273,9,22.8,39,3.6,0.0,93.5,149.3,728.6,8.1,0
274,9,25.4,24,3.6,0.0,94.3,85.1,692.3,15.9,0
276,9,20.6,37,1.8,0.0,88.6,69.7,706.8,5.8,0
277,9,17.7,39,3.6,0.0,91.7,75.6,718.3,7.8,0
278,9,21.2,32,2.7,0.0,91.8,78.5,724.3,9.2,0
279,9,18.2,62,4.5,0.0,90.3,80.7,730.2,6.3,0
280,10,21.7,24,4.5,0.0,90.6,35.4,669.1,6.7,0
281,10,11.3,60,5.4,0.0,90.0,41.5,682.6,8.7,0
282,10,17.8,27,4.0,0.0,90.6,43.7,686.9,6.7,0
283,3,14.1,43,2.7,0.0,88.1,25.7,67.6,3.8,0
284,7,23.3,37,3.1,0.0,79.5,60.6,366.7,1.5,0
285,8,18.4,42,6.7,0.0,90.2,96.9,624.2,8.9,0
286,8,16.6,54,5.4,0.0,94.8,108.3,647.1,17.0,0
287,9,19.6,48,2.7,0.0,92.5,88.0,698.6,7.1,0
288,9,12.9,74,4.9,0.0,90.1,82.9,735.7,6.2,0
289,9,25.9,24,4.0,0.0,94.3,85.1,692.3,15.9,0
290,9,14.7,70,3.6,0.0,90.9,126.5,686.5,7.0,0
291,7,23.0,36,3.1,0.0,94.2,62.3,442.9,11.0,0
295,8,21.5,34,2.2,0.0,90.2,99.6,631.2,6.3,0
296,8,20.4,42,4.9,0.0,92.1,111.2,654.1,9.6,0
297,8,20.4,42,4.9,0.0,92.1,111.2,654.1,9.6,0
298,8,17.6,45,3.6,0.0,91.7,114.3,661.3,6.3,0
299,9,27.7,24,2.2,0.0,92.9,137.0,706.4,9.2,0
300,9,17.8,63,4.9,0.0,90.3,80.7,730.2,6.3,0
301,10,13.8,50,2.7,0.0,92.6,46.5,691.8,8.8,0
303,2,12.3,51,0.9,0.0,86.6,13.2,43.0,5.3,0
304,3,11.5,39,5.8,0.0,89.3,51.3,102.2,9.6,0
307,8,20.8,33,2.7,0.0,90.2,99.6,631.2,6.3,0
308,8,23.1,31,3.1,0.0,91.1,103.2,638.8,5.8,0
309,8,18.6,44,4.5,0.0,91.7,114.3,661.3,6.3,0
310,9,23.0,37,4.5,0.0,92.4,117.9,668.0,12.2,0
311,9,19.6,33,5.4,0.0,92.4,117.9,668.0,12.2,0
312,9,19.6,33,6.3,0.0,92.4,117.9,668.0,12.2,0
313,3,17.2,26,4.5,0.0,91.7,33.3,77.5,9.0,0
314,3,15.8,27,7.6,0.0,91.2,48.3,97.8,12.5,0
316,3,15.6,25,6.3,0.0,91.7,33.3,77.5,9.0,0
317,8,17.3,43,4.5,0.0,88.8,147.3,614.5,9.0,0
318,9,27.6,30,1.3,0.0,93.3,141.2,713.9,13.9,0
319,2,6.7,79,3.1,0.0,84.2,6.8,26.6,7.7,0
320,2,15.7,43,3.1,0.0,86.6,13.2,43.0,5.3,0
321,3,8.3,72,3.1,0.0,87.6,52.2,103.8,5.0,0
322,8,14.7,66,2.7,0.0,90.1,108.0,529.8,12.5,0
323,8,21.6,19,6.7,0.0,91.0,121.2,561.6,7.0,0
324,8,19.5,39,6.3,0.0,91.4,142.4,601.4,10.6,0
325,8,17.9,44,2.2,0.0,90.2,99.6,631.2,6.3,0
326,8,18.6,51,4.5,0.0,94.8,108.3,647.1,17.0,0
327,8,16.6,47,0.9,0.0,92.1,111.2,654.1,9.6,0
328,8,20.2,45,3.6,0.0,91.7,114.3,661.3,6.3,0
329,9,21.5,15,0.9,0.0,92.9,137.0,706.4,9.2,0
330,9,25.4,27,2.2,0.0,92.9,137.0,706.4,9.2,0
331,9,22.4,34,2.2,0.0,92.9,137.0,706.4,9.2,0
332,9,25.3,36,3.6,0.0,93.5,149.3,728.6,8.1,0
333,3,17.4,25,4.9,0.0,91.7,35.8,80.8,7.8,0
334,8,14.7,59,5.8,0.0,90.2,96.9,624.2,8.9,0
335,3,17.4,24,5.4,0.0,91.7,35.8,80.8,7.8,0
337,8,18.2,43,4.9,0.0,91.4,142.4,601.4,10.6,0
338,8,23.4,22,2.7,0.0,91.1,103.2,638.8,5.8,0
339,9,17.8,64,1.3,0.0,89.7,90.0,704.4,4.8,0
340,2,12.7,48,1.8,0.0,83.9,8.0,30.2,2.6,0
341,3,17.4,24,5.4,0.0,69.0,2.4,15.5,0.7,0
342,8,11.6,87,4.5,0.0,91.4,142.4,601.4,10.6,0
343,8,19.8,39,5.4,0.0,91.4,142.4,601.4,10.6,0
344,8,19.8,39,5.4,0.0,91.4,142.4,601.4,10.6,0
345,8,14.4,66,5.4,0.0,88.8,147.3,614.5,9.0,0
346,8,20.1,40,4.0,0.0,94.8,108.3,647.1,17.0,0
347,9,24.1,29,4.5,0.0,92.5,121.1,674.4,8.6,0
348,1,5.3,78,3.1,0.0,82.1,3.7,9.3,2.9,0
349,3,12.7,52,6.3,0.0,85.9,19.5,57.3,2.8,0
350,3,18.2,29,3.1,0.0,91.4,30.7,74.3,7.5,0
351,8,21.4,33,3.1,0.0,90.2,99.6,631.2,6.3,0
352,9,20.3,45,3.1,0.0,92.5,88.0,698.6,7.1,0
353,9,17.4,56,5.4,0.0,88.6,91.8,709.9,7.1,0
354,3,13.7,43,5.8,0.0,85.9,19.5,57.3,2.8,0
355,3,18.8,18,4.5,0.0,91.7,33.3,77.5,9.0,0
356,9,22.8,39,3.6,0.0,89.7,90.0,704.4,4.8,0
357,9,18.9,35,2.7,0.0,91.8,78.5,724.3,9.2,0
358,3,15.8,27,7.6,0.0,88.1,25.7,67.6,3.8,0
359,3,15.5,27,6.3,0.0,88.1,25.7,67.6,3.8,0
360,3,11.6,30,6.3,0.0,91.7,35.8,80.8,7.8,0
361,3,15.2,27,4.9,0.0,91.7,35.8,80.8,7.8,0
363,8,19.6,36,3.1,0.0,93.0,75.3,466.6,7.7,0
364,8,10.3,74,2.2,0.0,91.5,145.4,608.2,10.7,0
365,8,17.1,43,5.4,0.0,91.5,145.4,608.2,10.7,0
366,9,22.5,42,5.4,0.0,92.4,124.1,680.7,8.5,0
367,9,17.9,45,3.1,0.0,84.4,73.4,671.9,3.2,0
369,10,20.6,24,5.4,0.0,92.6,46.5,691.8,8.8,0
370,3,9.0,49,2.2,0.0,87.6,52.2,103.8,5.0,0
371,9,17.2,43,3.1,0.0,93.5,149.3,728.6,8.1,0
372,10,15.9,46,3.6,0.0,91.4,37.9,673.8,5.2,0
373,10,15.4,35,0.9,0.0,92.6,46.5,691.8,8.8,0
374,2,15.4,40,2.7,0.0,68.2,21.5,87.2,0.8,0
375,3,14.0,39,3.1,0.0,87.2,23.9,64.7,4.1,0
376,3,10.6,46,4.9,0.0,89.3,51.3,102.2,9.6,0
378,3,14.9,38,2.7,0.0,88.1,25.7,67.6,3.8,0
379,8,17.6,52,5.8,0.0,93.5,139.4,594.2,20.3,0
380,9,17.2,58,1.3,0.0,92.4,124.1,680.7,8.5,0
381,9,15.6,66,3.1,0.0,90.9,126.5,686.5,7.0,0
382,7,18.0,42,2.7,0.0,85.8,48.3,313.4,3.9,1
384,9,21.9,39,1.8,0.0,90.9,126.5,686.5,7.0,1
385,8,23.3,31,4.5,0.0,95.5,99.9,513.3,13.2,1
386,8,21.2,51,8.9,0.0,90.1,108.0,529.8,12.5,1
387,7,16.6,53,5.4,0.0,90.0,51.3,296.3,8.7,1
388,8,23.8,32,5.4,0.0,95.5,99.9,513.3,13.2,1
389,8,27.4,22,4.0,0.0,95.2,131.7,578.8,10.4,1
390,3,13.2,40,5.4,0.0,90.1,39.7,86.6,6.2,1
391,9,24.2,28,3.6,0.0,84.4,73.4,671.9,3.2,1
393,9,23.7,25,4.5,0.0,93.7,80.9,685.2,17.9,1
394,6,23.2,39,5.4,0.0,92.5,56.4,433.3,7.1,1
395,7,24.8,29,2.2,0.0,90.1,68.6,355.2,7.2,1
396,7,24.6,43,1.8,0.0,90.1,51.2,424.1,6.2,1
397,9,20.1,47,4.9,0.0,94.3,85.1,692.3,15.9,1
398,9,29.6,27,2.7,0.0,93.4,145.4,721.4,8.1,1
399,8,16.4,47,1.3,0.0,94.8,108.3,647.1,17.0,1
400,9,28.6,27,2.2,0.0,93.4,145.4,721.4,8.1,1
402,8,20.5,35,4.0,0.0,92.1,111.2,654.1,9.6,1
403,9,19.0,34,5.8,0.0,92.4,117.9,668.0,12.2,1
404,3,16.1,29,3.1,0.0,90.1,39.7,86.6,6.2,1
405,8,20.3,41,4.0,0.0,95.2,131.7,578.8,10.4,1
406,3,15.2,31,8.5,0.0,90.6,50.1,100.4,7.8,1
407,9,17.8,56,1.8,0.0,92.5,121.1,674.4,8.6,1
408,9,17.8,67,2.2,0.0,89.7,90.0,704.4,4.8,1
409,3,5.3,70,4.5,0.0,84.9,18.2,55.0,3.0,1
410,8,16.6,47,0.9,0.0,92.1,111.2,654.1,9.6,1
411,8,23.4,33,4.5,0.0,96.0,127.1,570.5,16.5,1
412,3,14.6,26,9.4,0.0,91.2,48.3,97.8,12.5,1
414,9,21.9,35,1.8,0.0,92.9,133.3,699.6,9.2,1
415,8,17.4,50,4.0,0.0,85.6,90.4,609.6,6.6,1
416,8,20.1,39,5.4,0.0,91.4,142.4,601.4,10.6,1
417,9,17.7,39,2.2,0.0,90.9,126.5,686.5,7.0,1
418,8,14.2,53,1.8,0.0,90.2,96.9,624.2,8.9,1
419,8,20.3,39,4.9,0.0,90.2,96.9,624.2,8.9,1
420,4,5.8,54,5.8,0.0,81.5,9.1,55.2,2.7,1
421,8,19.2,44,2.7,0.0,90.2,99.6,631.2,6.3,1
422,9,18.3,45,2.2,0.0,90.1,82.9,735.7,6.2,1
423,8,14.4,66,5.4,0.0,88.8,147.3,614.5,9.0,1
424,9,23.9,32,6.7,0.0,92.4,124.1,680.7,8.5,1
425,10,19.1,32,4.0,0.0,84.9,32.8,664.2,3.0,1
426,2,12.4,53,2.2,0.0,86.8,15.6,48.3,3.9,1
427,10,16.8,45,4.5,0.0,91.7,48.5,696.1,11.1,1
428,8,20.8,34,4.9,0.0,93.9,135.7,586.7,15.1,1
429,9,17.6,46,3.1,0.0,91.0,129.5,692.6,7.0,1
430,3,11.5,39,5.8,0.0,89.3,51.3,102.2,9.6,1
431,9,21.0,42,2.2,0.0,90.9,126.5,686.5,7.0,1
432,3,13.3,42,0.9,0.0,90.8,41.9,89.4,7.9,1
433,3,11.5,60,4.0,0.0,90.7,44.0,92.4,5.5,1
435,8,24.2,28,2.7,0.0,95.2,131.7,578.8,10.4,1
436,8,24.6,22,4.5,0.0,94.8,108.3,647.1,17.0,1
437,9,24.3,25,4.0,0.0,92.9,133.3,699.6,9.2,1
438,8,24.6,22,4.5,0.0,94.8,108.3,647.1,17.0,1
439,8,23.5,36,5.4,0.0,93.9,135.7,586.7,15.1,1
440,4,5.8,54,5.8,0.0,81.5,9.1,55.2,2.7,1
441,9,21.5,15,0.9,0.0,92.9,137.0,706.4,9.2,1
442,9,13.9,59,6.3,0.0,91.0,129.5,692.6,7.0,1
443,9,22.6,38,3.6,0.0,63.5,70.8,665.3,0.8,1
445,3,12.4,54,3.6,0.0,90.1,37.6,83.7,7.2,1
446,2,8.8,68,2.2,0.0,83.9,8.7,32.1,2.1,1
447,10,20.2,37,2.7,0.0,91.4,37.9,673.8,5.2,1
449,9,22.1,34,1.8,0.0,92.9,137.0,706.4,9.2,1
450,8,22.9,31,7.2,0.0,93.5,139.4,594.2,20.3,1
451,9,20.7,37,2.2,0.0,91.0,129.5,692.6,7.0,1
452,9,19.6,33,6.3,0.0,92.4,117.9,668.0,12.2,1
453,9,23.2,26,4.9,0.0,93.7,80.9,685.2,17.9,1
454,10,18.4,25,3.1,0.0,90.6,43.7,686.9,6.7,1
455,8,5.1,96,5.8,0.0,93.5,139.4,594.2,20.3,1
456,9,20.1,47,4.9,0.0,94.3,85.1,692.3,15.9,1
457,3,11.0,46,5.8,0.0,87.6,52.2,103.8,5.0,1
458,3,17.0,27,4.9,0.0,91.7,35.8,80.8,7.8,1
459,3,17.0,27,4.9,0.0,91.7,35.8,80.8,7.8,1
460,9,16.9,60,1.3,0.0,92.4,124.1,680.7,8.5,1
462,9,19.4,19,1.3,0.0,92.9,133.3,699.6,9.2,1
463,3,15.2,27,3.1,0.0,90.1,39.7,86.6,6.2,1
464,8,16.2,59,3.1,0.0,90.2,99.6,631.2,6.3,1
465,9,18.6,49,3.6,0.0,93.3,141.2,713.9,13.9,1
466,3,11.0,46,5.8,0.0,87.6,52.2,103.8,5.0,1
467,7,13.4,79,3.6,0.0,88.3,150.3,309.9,6.8,1
468,9,15.4,57,4.5,0.0,90.1,82.9,735.7,6.2,1
469,9,22.9,39,4.9,0.0,93.5,149.3,728.6,8.1,1
470,10,16.1,44,4.0,0.0,91.7,48.5,696.1,11.1,1
472,9,28.3,26,3.1,0.0,93.5,149.3,728.6,8.1,1
473,8,16.4,43,4.0,0.0,92.2,81.8,480.8,11.9,1
474,9,26.4,21,4.5,0.0,92.9,133.3,699.6,9.2,1
475,9,27.8,27,3.1,0.0,93.5,149.3,728.6,8.1,1
477,9,24.3,36,3.1,0.0,84.4,73.4,671.9,3.2,1
478,9,17.7,25,3.1,0.0,92.5,121.1,674.4,8.6,1
479,8,19.6,41,5.8,0.0,91.4,142.4,601.4,10.6,1
480,9,18.2,46,1.8,0.0,92.5,121.1,674.4,8.6,1
481,9,18.8,40,2.2,0.0,91.0,129.5,692.6,7.0,1
482,9,25.1,27,4.0,0.0,92.5,121.1,674.4,8.6,1
483,4,13.4,75,1.8,0.0,81.9,3.0,7.9,3.5,0
484,4,15.2,51,2.7,0.0,88.0,17.2,43.5,3.8,0
485,4,16.7,20,3.1,0.0,83.0,23.3,85.3,2.3,0
486,8,15.4,66,4.0,0.0,94.2,122.3,589.9,12.9,1
487,8,21.9,73,7.6,1.0,91.8,175.1,700.7,13.8,0
488,8,22.4,54,7.6,0.0,91.8,175.1,700.7,13.8,1
489,8,26.8,38,6.3,0.0,91.8,175.1,700.7,13.8,1
490,8,25.7,39,5.4,0.0,91.8,175.1,700.7,13.8,1
491,8,20.7,70,2.2,0.0,92.2,91.6,503.6,9.6,1
492,8,28.7,28,2.7,0.0,93.1,157.3,666.7,13.5,0
493,8,21.7,40,0.4,0.0,93.1,157.3,666.7,13.5,1
494,8,26.8,25,3.1,0.0,93.1,157.3,666.7,13.5,1
495,8,24.0,36,3.1,0.0,93.1,157.3,666.7,13.5,1
496,8,22.1,37,3.6,0.0,93.1,157.3,666.7,13.5,1
497,8,21.4,38,2.7,0.0,91.9,109.2,565.5,8.0,1
499,8,22.3,46,4.0,0.0,87.5,77.0,694.8,5.0,0
500,8,23.9,41,2.2,0.0,94.2,117.2,581.1,11.0,1
501,8,21.4,44,2.7,0.0,94.2,117.2,581.1,11.0,1
502,8,20.6,59,0.9,0.0,91.8,170.9,692.3,13.7,0
503,8,23.7,40,1.8,0.0,91.8,170.9,692.3,13.7,1
504,8,28.3,32,4.0,0.0,93.6,97.9,542.0,14.4,1
505,8,11.2,84,7.6,0.0,91.6,112.4,573.0,8.9,1
506,8,21.4,42,3.1,0.0,91.6,112.4,573.0,8.9,1
507,8,19.3,39,3.6,0.0,91.1,141.1,629.1,7.1,1
508,8,21.8,53,3.1,0.0,94.3,167.6,684.4,13.0,1
509,8,22.1,54,7.6,0.0,93.7,102.2,550.3,14.6,1
510,8,19.4,55,4.0,0.0,94.3,131.7,607.1,22.7,1
511,8,23.7,24,3.1,0.0,92.1,152.6,658.2,14.3,0
512,8,21.0,32,3.1,0.0,92.1,152.6,658.2,14.3,0
513,8,19.1,53,2.7,0.0,92.1,152.6,658.2,14.3,1
514,8,21.8,56,3.1,0.0,92.1,152.6,658.2,14.3,1
515,8,20.1,58,4.5,0.0,92.1,152.6,658.2,14.3,1
516,8,20.2,47,4.0,0.0,92.1,152.6,658.2,14.3,1
517,12,4.8,57,8.5,0.0,84.4,27.2,353.5,6.8,1
518,12,5.1,61,8.0,0.0,84.0,27.8,354.6,5.3,1
519,12,5.1,61,4.9,0.0,84.6,26.4,352.0,2.0,1
520,12,4.6,21,8.5,0.0,85.4,25.4,349.7,2.6,1
521,12,4.6,21,8.5,0.0,85.4,25.4,349.7,2.6,1
522,12,4.6,21,8.5,0.0,85.4,25.4,349.7,2.6,1
523,12,4.6,21,8.5,0.0,85.4,25.4,349.7,2.6,1
524,12,2.2,59,4.9,0.0,84.7,26.7,352.6,4.1,1
525,12,5.1,24,8.5,0.0,85.4,25.4,349.7,2.6,1
526,2,4.2,51,4.0,0.0,84.9,27.5,353.5,3.4,0
527,2,8.8,35,3.1,0.0,86.9,6.6,18.7,3.2,1
528,2,7.5,46,8.0,0.0,85.2,4.9,15.8,6.3,1
529,7,23.4,40,6.3,0.0,93.9,169.7,411.8,12.3,0
531,7,22.1,49,2.7,0.0,91.6,104.2,474.9,9.0,0
532,7,24.2,32,1.8,0.0,91.6,104.2,474.9,9.0,0
533,7,24.3,30,1.8,0.0,91.6,104.2,474.9,9.0,0
534,7,18.7,53,1.8,0.0,91.6,104.2,474.9,9.0,0
535,7,25.3,39,0.9,0.0,91.6,104.2,474.9,9.0,1
536,7,22.9,40,1.3,0.0,91.6,100.2,466.3,6.3,1
537,7,26.9,28,5.4,0.0,93.1,180.4,430.8,11.0,1
539,6,22.2,48,1.3,0.0,93.1,180.4,430.8,11.0,0
540,6,14.3,46,1.8,0.0,90.4,89.5,290.8,6.4,1
541,6,15.4,45,2.2,0.0,90.4,89.5,290.8,6.4,0
542,6,19.6,43,4.9,0.0,91.2,147.8,377.2,12.7,0
543,6,10.6,90,2.7,0.0,53.4,71.0,233.8,0.4,0
544,6,20.7,25,4.9,0.0,90.4,93.3,298.1,7.5,0
545,6,19.1,39,5.4,0.0,90.4,93.3,298.1,7.5,1
546,6,19.2,38,4.5,0.0,91.1,94.1,232.1,7.1,0
547,6,19.2,38,4.5,0.0,91.1,94.1,232.1,7.1,0
548,5,11.3,94,4.9,0.0,85.1,28.0,113.8,3.5,0
549,9,19.0,52,2.2,0.0,89.6,84.1,714.3,5.7,0
550,9,17.1,53,5.4,0.0,89.6,84.1,714.3,5.7,1
551,9,23.8,35,3.6,0.0,89.6,84.1,714.3,5.7,1
552,9,16.0,45,1.8,0.0,92.4,105.8,758.1,9.9,0
553,9,24.9,27,2.2,0.0,92.4,105.8,758.1,9.9,0
554,9,25.3,27,2.7,0.0,92.4,105.8,758.1,9.9,0
555,9,24.8,28,1.8,0.0,92.4,105.8,758.1,9.9,1
556,9,12.2,78,6.3,0.0,50.4,46.2,706.6,0.4,0
557,9,24.3,27,4.9,0.0,92.6,115.4,777.1,8.8,0
558,9,19.7,41,1.8,0.0,92.6,115.4,777.1,8.8,1
560,9,18.6,24,5.8,0.0,92.4,96.2,739.4,8.6,0
562,9,21.6,27,2.2,0.0,92.8,119.0,783.5,7.5,0
563,9,21.6,28,6.3,0.0,92.8,119.0,783.5,7.5,1
564,9,18.9,34,7.2,0.0,92.8,119.0,783.5,7.5,1
565,9,16.8,28,4.0,0.0,92.8,119.0,783.5,7.5,1
566,9,16.8,28,4.0,0.0,92.8,119.0,783.5,7.5,1
567,9,12.9,39,2.7,0.0,90.7,136.9,822.8,6.8,1
568,9,13.7,56,1.8,0.0,88.1,53.3,726.9,5.4,1
569,9,24.2,27,3.1,0.0,92.2,102.3,751.5,8.4,0
570,9,24.1,27,3.1,0.0,92.2,102.3,751.5,8.4,0
571,9,21.2,32,2.2,0.0,92.2,102.3,751.5,8.4,0
572,9,19.7,35,1.8,0.0,92.2,102.3,751.5,8.4,0
573,9,23.5,27,4.0,0.0,92.2,102.3,751.5,8.4,1
575,9,21.5,28,4.5,0.0,91.2,124.4,795.3,8.5,1
576,9,17.1,41,2.2,0.0,91.2,124.4,795.3,8.5,1
577,9,18.1,54,3.1,0.0,92.1,87.7,721.1,9.5,1
578,9,18.0,51,5.4,0.0,91.6,108.4,764.0,6.2,0
581,9,23.0,34,2.2,0.0,91.6,108.4,764.0,6.2,1
582,9,22.7,35,2.2,0.0,91.6,108.4,764.0,6.2,1
583,9,20.4,41,1.8,0.0,91.6,108.4,764.0,6.2,1
584,9,19.3,44,2.2,0.0,91.6,108.4,764.0,6.2,1
586,9,20.6,37,1.8,0.0,91.5,130.1,807.1,7.5,0
587,9,15.9,51,4.5,0.0,91.5,130.1,807.1,7.5,1
588,9,12.2,66,4.9,0.0,91.5,130.1,807.1,7.5,1
589,9,16.8,43,3.1,0.0,91.5,130.1,807.1,7.5,1
590,9,21.3,35,2.2,0.0,91.5,130.1,807.1,7.5,1
591,9,10.1,75,3.6,0.0,92.1,99.0,745.3,9.6,0
592,9,17.4,57,4.5,0.0,92.1,99.0,745.3,9.6,0
593,9,12.8,64,3.6,0.0,92.1,99.0,745.3,9.6,1
594,9,10.1,75,3.6,0.0,92.1,99.0,745.3,9.6,1
596,9,20.6,43,3.6,0.0,92.1,99.0,745.3,9.6,1
597,9,19.8,47,2.7,0.0,92.1,99.0,745.3,9.6,1
600,9,20.8,35,4.9,0.0,92.1,99.0,745.3,9.6,1
602,9,19.7,39,2.7,0.0,92.5,122.0,789.7,10.2,0
603,9,21.1,39,2.2,0.0,92.5,122.0,789.7,10.2,1
604,9,18.4,42,2.2,0.0,92.5,122.0,789.7,10.2,1
605,9,17.3,45,4.0,0.0,92.5,122.0,789.7,10.2,1
606,9,15.2,64,3.1,0.0,88.2,55.2,732.3,11.6,1
608,9,21.1,35,2.7,0.0,91.9,111.7,770.3,6.5,1
609,9,19.6,45,3.1,0.0,91.9,111.7,770.3,6.5,1
610,9,15.9,38,5.4,0.0,91.1,132.3,812.1,12.5,1
611,9,16.4,27,3.6,0.0,91.1,132.3,812.1,12.5,0
612,9,16.8,47,4.9,0.0,91.2,94.3,744.4,8.4,1
613,9,13.8,77,7.6,0.0,91.0,276.3,825.1,7.1,0
615,7,14.2,58,4.0,0.0,91.9,133.6,520.5,8.0,0
616,8,10.4,75,0.9,0.0,92.0,203.2,664.5,8.1,0
617,8,20.3,42,2.7,0.0,94.8,222.4,698.6,13.9,0
618,9,10.3,78,4.0,0.0,90.3,290.0,855.3,7.4,1
619,9,15.4,57,4.9,0.0,91.2,94.3,744.4,8.4,1
620,8,21.1,54,2.2,0.0,92.1,207.0,672.6,8.2,0
622,3,8.7,51,5.8,0.0,90.9,18.9,30.6,8.0,0
623,1,5.2,100,0.9,0.0,18.7,1.1,171.4,0.0,0
625,8,16.2,63,2.7,0.0,90.7,194.1,643.0,6.8,1
626,8,28.2,29,1.8,0.0,95.2,217.7,690.0,18.0,1
627,8,20.5,58,2.7,0.0,91.6,248.4,753.8,6.3,1
628,8,21.3,44,4.5,0.0,91.6,273.8,819.1,7.7,1
629,8,20.9,50,2.2,0.0,91.6,181.3,613.0,7.6,1
631,3,11.6,48,5.4,0.0,90.9,18.9,30.6,8.0,0
632,8,23.3,34,3.1,0.0,94.8,227.0,706.7,12.0,1
633,8,23.3,34,3.1,0.0,94.8,227.0,706.7,12.0,0
634,2,7.5,71,6.3,0.0,84.7,9.5,58.3,4.1,1
635,9,20.7,46,2.7,0.0,91.1,91.3,738.1,7.2,1
636,9,21.9,43,4.0,0.0,91.0,276.3,825.1,7.1,1
637,3,15.2,19,7.6,0.0,93.4,15.0,25.6,11.4,0
638,2,5.3,68,1.8,0.0,84.1,4.6,46.7,2.2,0
639,2,10.1,62,1.8,0.0,85.0,9.0,56.9,3.5,1
640,9,20.4,55,4.9,0.0,90.5,96.7,750.5,11.4,1
641,8,24.3,33,3.6,0.0,91.6,181.3,613.0,7.6,1
642,8,25.9,32,3.1,0.0,93.7,231.1,715.1,8.4,0
643,6,28.0,34,4.5,0.0,93.3,49.5,297.7,14.0,0
644,6,28.0,34,4.5,0.0,93.3,49.5,297.7,14.0,1
645,9,22.8,46,4.0,0.0,91.1,88.2,731.7,8.3,1
646,8,25.0,36,4.0,0.0,94.8,227.0,706.7,12.0,0
647,8,21.3,41,3.6,0.0,90.7,194.1,643.0,6.8,0
648,9,21.8,34,2.2,0.0,87.9,84.8,725.1,3.7,1
649,8,27.9,27,2.2,0.0,94.6,212.1,680.9,9.5,0
650,9,17.0,67,4.9,0.0,87.1,291.3,860.6,4.0,1
651,2,14.2,46,4.0,0.0,84.7,8.2,55.0,2.9,0
652,9,19.9,44,3.1,0.0,90.3,290.0,855.3,7.4,1
653,7,23.4,31,5.4,0.0,92.3,96.2,450.2,12.1,0
654,2,14.7,42,2.7,0.0,84.1,7.3,52.8,2.7,0
656,7,22.8,27,4.5,0.0,92.3,92.1,442.1,9.8,1
657,8,26.4,33,3.6,0.0,93.7,231.1,715.1,8.4,0
658,8,24.1,50,4.0,0.0,93.6,235.1,723.1,10.1,0
659,8,27.5,27,4.9,0.0,94.8,222.4,698.6,13.9,1
660,7,26.3,39,3.1,0.0,92.7,164.1,575.8,8.9,1
661,3,13.8,24,5.8,0.0,93.4,17.3,28.3,9.9,0
662,8,24.9,42,5.4,0.0,92.0,203.2,664.5,8.1,1
663,8,24.8,36,4.0,0.0,91.6,181.3,613.0,7.6,1
664,8,26.2,36,4.5,0.0,91.7,191.4,635.9,7.8,1
665,8,30.8,19,4.5,0.0,95.2,217.7,690.0,18.0,0
666,7,29.3,27,3.6,0.0,88.9,263.1,795.9,5.2,1
667,9,22.3,48,4.0,0.0,91.2,94.3,744.4,8.4,1
668,8,26.9,31,3.6,0.0,93.7,231.1,715.1,8.4,1
669,8,20.4,56,2.2,0.0,91.6,248.4,753.8,6.3,0
670,8,20.4,56,2.2,0.0,91.6,248.4,753.8,6.3,0
671,8,27.9,33,2.2,0.0,92.1,207.0,672.6,8.2,1
672,8,26.2,34,5.8,0.0,94.8,222.4,698.6,13.9,0
673,8,24.6,44,4.0,0.0,91.6,181.3,613.0,7.6,1
674,9,19.4,45,3.6,0.0,89.7,287.2,849.3,6.8,0
675,8,23.3,40,4.0,0.0,92.1,178.0,605.3,9.6,1
676,8,23.9,38,6.7,0.0,94.8,222.4,698.6,13.9,0
677,8,20.9,66,4.9,0.0,93.6,235.1,723.1,10.1,1
678,8,22.2,45,3.6,0.0,90.6,269.8,811.2,5.5,0
679,7,23.8,51,1.8,0.0,90.8,84.7,376.6,5.6,0
680,8,26.8,35,1.3,0.0,92.1,207.0,672.6,8.2,1
681,8,14.2,73,2.7,0.0,89.4,253.6,768.4,9.7,0
682,8,23.6,53,4.0,0.0,93.7,231.1,715.1,8.4,1
683,9,19.1,46,2.2,0.0,91.1,91.3,738.1,7.2,1
684,9,16.2,58,3.6,0.0,90.3,290.0,855.3,7.4,0
685,8,25.5,29,1.8,0.0,92.1,207.0,672.6,8.2,1
686,4,10.9,64,3.1,0.0,87.9,24.9,41.6,3.7,1
687,7,14.8,78,8.0,0.0,90.7,80.9,368.3,16.8,0
689,8,17.3,80,4.5,0.0,94.0,47.9,100.7,10.7,0
690,8,19.1,70,2.2,0.0,92.0,203.2,664.5,8.1,0
691,3,8.9,35,8.0,0.0,93.4,17.3,28.3,9.9,0
692,9,10.5,77,4.0,0.0,89.7,284.9,844.0,10.1,0
693,8,19.3,61,4.9,0.0,91.6,181.3,613.0,7.6,0
694,8,23.4,49,5.4,0.0,95.2,217.7,690.0,18.0,1
695,8,11.8,88,4.9,0.0,90.5,196.8,649.9,16.3,1
696,8,17.7,65,4.0,0.0,91.5,238.2,730.6,7.5,0
697,8,17.4,54,3.1,0.0,89.4,266.2,803.3,5.6,0
698,8,16.8,56,3.1,0.0,91.6,248.4,753.8,6.3,0
699,7,17.9,48,2.7,0.0,94.6,160.0,567.2,16.7,0
700,8,16.6,59,2.7,0.0,91.6,248.4,753.8,6.3,0
701,8,19.9,50,4.0,0.0,91.7,191.4,635.9,7.8,1
702,8,18.9,64,4.9,0.0,93.7,231.1,715.1,8.4,1
703,8,15.5,72,8.0,0.0,91.6,273.8,819.1,7.7,1
704,8,18.9,64,4.9,0.0,93.7,231.1,715.1,8.4,0
705,8,18.9,64,4.9,0.0,93.7,231.1,715.1,8.4,0
706,9,14.5,76,7.6,0.0,91.0,276.3,825.1,7.1,1
708,2,5.1,77,5.4,0.0,75.1,4.4,16.2,1.9,1
709,2,4.6,59,0.9,0.0,79.5,3.6,15.3,1.8,1
710,3,10.2,45,5.8,0.0,87.2,15.1,36.9,7.1,1
711,3,11.2,41,5.4,0.0,90.2,18.5,41.1,7.3,1
712,3,13.3,27,3.6,0.0,91.3,20.6,43.5,8.5,1
713,4,13.7,33,9.4,0.0,91.0,14.6,25.6,12.3,1
714,4,17.6,27,5.8,0.0,91.0,14.6,25.6,12.3,0
715,5,18.0,40,4.0,0.0,89.6,25.4,73.7,5.7,1
716,6,14.3,79,4.0,0.0,88.2,96.2,229.0,4.7,1
717,6,24.5,50,3.1,0.0,90.5,61.1,252.6,9.4,1
718,6,26.4,35,2.7,0.0,93.0,103.8,316.7,10.8,1
719,6,22.7,40,9.4,0.0,93.7,121.7,350.2,18.0,1
720,7,27.2,28,1.3,0.0,93.5,85.3,395.0,9.9,1
721,7,26.1,45,4.0,0.0,93.7,101.3,423.4,14.7,1
722,7,18.2,82,4.5,0.0,93.7,101.3,423.4,14.7,1
723,7,22.6,57,4.9,0.0,89.2,103.9,431.6,6.4,1
724,7,30.2,25,4.5,0.0,93.2,114.4,560.0,9.5,1
725,7,30.2,22,4.9,0.0,93.2,114.4,560.0,9.5,0
726,8,23.4,40,5.8,0.0,94.9,130.3,587.1,14.1,1
729,8,30.6,28,3.6,0.0,95.0,135.5,596.3,21.3,1
730,8,24.1,43,6.3,0.0,95.1,141.3,605.8,17.7,1
731,8,26.4,34,3.6,0.0,95.1,141.3,605.8,17.7,1
732,8,19.4,71,7.6,0.0,95.1,141.3,605.8,17.7,1
733,8,20.6,58,1.3,0.0,95.1,141.3,605.8,17.7,0
734,8,28.7,33,4.0,0.0,95.1,141.3,605.8,17.7,0
735,8,32.4,21,4.5,0.0,95.8,152.0,624.1,13.8,0
736,8,32.4,27,2.2,0.0,95.9,158.0,633.6,11.3,0
737,8,27.5,29,4.5,0.0,95.9,158.0,633.6,11.3,1
738,8,30.8,30,4.9,0.0,96.0,164.0,643.0,14.0,1
739,8,23.9,42,2.2,0.0,96.2,175.5,661.8,16.8,0
740,8,32.6,26,3.1,0.0,96.2,175.5,661.8,16.8,1
741,8,32.3,27,2.2,0.0,96.1,181.1,671.2,14.3,1
743,8,27.3,63,4.9,6.4,96.1,181.1,671.2,14.3,1
744,8,21.6,65,4.9,0.8,96.1,181.1,671.2,14.3,0
745,8,21.6,65,4.9,0.8,96.1,181.1,671.2,14.3,0
747,8,29.2,30,4.9,0.0,94.5,139.4,689.1,20.0,1
748,8,28.9,29,4.9,0.0,94.5,139.4,689.1,20.0,1
749,8,26.7,35,1.8,0.0,91.0,163.2,744.4,10.1,1
750,8,18.5,73,8.5,0.0,91.0,166.9,752.6,7.1,0
753,8,21.1,71,7.6,1.4,91.0,166.9,752.6,7.1,1
754,8,18.2,62,5.4,0.0,91.0,166.9,752.6,7.1,1
755,8,27.8,35,2.7,0.0,81.6,56.7,665.6,1.9,0
756,8,27.8,32,2.7,0.0,81.6,56.7,665.6,1.9,1
757,8,21.9,71,5.8,0.0,81.6,56.7,665.6,1.9,1
759,8,25.6,42,4.0,0.0,94.4,146.0,614.7,11.3,0
760,11,11.8,31,4.5,0.0,79.5,3.0,106.7,1.1,0
